label	news summary
neutral	What Democratic Control of the House Could Mean for Your Wallet A change in control will block renewed tax-cut initiatives, but there may be room for accord on drug pricing and even stimulus, if the recovery falters.
neutral	Why the Google Walkout Was a Watershed Moment in Tech Outsiders have little leverage to force the industry to change. The companies own workers are another matter.
positive	Visions of a Tech Hub? Landing Amazon Is Just a Start How the company and local officials flesh out plans for the new corporate presence will be crucial to the economic lift it produces.
positive	Was Amazons Headquarters Contest a Bait-and-Switch? Critics Say Yes Amazon defied expectations by splitting its second headquarters into two locations. For the internet company, it seems to be working out rather nicely.
negative	China Seeks Allies as Trumps Trade War Mounts. It Wont Be Easy. President Xi Jinping kicks off a Shanghai event showing a growing Chinese appetite to buy from the rest of the world. Even critics of the U.S. have doubts.
positive	Preserving the Wealth That Conservation Built Business and conservation neednt be opposed to one another. Government regulation to preserve the environment can unlock private sector wealth.
negative	The Stock Market Typically Rises After Midterm Elections. This Year Is Anything but Typical. If history is a guide, the best part of the four-year presidential cycle is here. Will the pattern hold?
negative	Alibaba Feels the Pinch From Chinas Slowing Economic Growth The e-commerce giant lowered its estimate for revenue growth this year as challenges mount for the worlds second largest economy.
positive	U.S. Added 250,000 Jobs in October; Unemployment at 3.7% The last official snapshot of the economy before Americans vote on Tuesday offered another reminder of the labor markets persistent strength.
neutral	The Number 7 Could Make Chinas Currency a Trade-War Weapon The renminbi has fallen to its weakest point in a decade, and Washington worries about how that may affect the dispute between the United States and China. But Beijing has reason to hold the line.
negative	A U.S. Trade Complaint, Tech Earnings and Jobs Numbers Investors will be looking for a turnaround plan from G.E.s new chief. Data on the eurozones economy is due. And Facebooks earnings will come with data on its user numbers.
neutral	Red-Hot Economy? Women Arent Convinced A remarkable gender gap, transcending party lines, has opened up in Americans views of both their own finances and the broader national economy.
negative	Behind the Clash Over Italys Budget, a Fear of Populism The European Union fended off the challenge of Greek debt, but doing so with the Italian budget crisis could be much harder.
negative	U.S. Economy Charged Ahead in the Third Quarter After six months of strong growth, the economy is on track for its best annual performance since 2005. But there were signs of a slowdown ahead.
positive	Despite Weak Spots, E.U. Economy Is Not Nearing Recession, Mario Draghi Says Mr. Draghi, president of the European Central Bank, said the eurozone economy is still solid and that Rome and Brussels will work out their issues.
negative	Why Has the Stock Market Been Dropping? The Expansion Heads Toward a New Phase Its a less bullish time for investors, but mostly good for workers and the economy.
neutral	What Could Kill Booming U.S. Economy? Socialists, White House Warns A report from the Council of Economic Advisers compares Bernie Sanders to Chairman Mao, and warns that pickup trucks cost more in Sweden.
neutral	When Sears Flourished, So Did Workers. At Amazon, Its More Complicated. Profit-sharing plans for rank-and-file employees are vanishing as corporate America has adopted a new approach toward who reaps a healthy companys gains.
negative	E.U. Rejects Italys Budget, and Populists Dig In The European Commission told Rome that it would have to rewrite its draft 2019 budget and reduce its deficit, or face heavy fines early next year.
neutral	Unemployment Looks Like 2000 Again. But Wage Growth Doesnt. Trying to solve an economic mystery.
neutral	They Said Seattles Higher Base Pay Would Hurt Workers. Why Did They Flip? Researchers whose findings last year pointed to a downside from raising the minimum wage have taken another look and the reality is more nuanced.
negative	In Liberal San Francisco, Tech Leaders Brawl Over Tax Proposal to Aid Homeless Jack Dorsey of Twitter and Marc Benioff of Salesforce, among others, are sparring over a Nov. 6 ballot initiative that would impose new corporate taxes.
neutral	Japan Caved to Trump on Trade Talks. Now the Real Haggling Begins. Tokyo could offer minor concessions to give Washington a face-saving deal, but already the U.S. is signaling a tough stance on autos and agriculture.
negative	Teenagers, Forget Engineering. Your Future Is Craft. Fendi attempts to address the Italian national youth unemployment crisis by luring a new generation into becoming traditional artisans.
negative	No, Trumps Tax Cut Isnt Paying for Itself (at Least Not Yet) Federal revenues rose slightly in the 2018 fiscal year. But that doesnt mean the $1.5 trillion tax cut is bringing in more revenue than its losing.
negative	Budget Deficit Jumps Nearly 17% in 2018 Plunging corporate tax revenues from the Trump tax cuts helped push the annual deficit to $779 billion. It is on track to reach $1 trillion by 2020.
neutral	When Sears Was Everywhere: Espionage, Politics and Fine Art Over its long history, the retailer has had an influence in some unexpected places.
neutral	Big Banks Earnings and China Growth Report to Give Snapshots of Economies Federal Reserve will release the minutes from its September meeting, when it raised interest rates. And data on retail sales and housing will come out.
neutral	California Tenants Take Rent Control Fight to the Ballot Box An initiative to loosen state restraints on local rent restrictions is the focus of a political battle being fought with tens of millions of dollars.
neutral	Why Rent Control Is a Lightning Rod Proposition 10 in California has put a new focus on an old question: whether rent control tends to ease or compound a shortage of affordable housing.
neutral	Marriott Workers Struggle to Pay Bills, and Credit Union Fees At the Marriott credit union, with unusually high fees, service workers find further stress on thin paychecks while better-paid employees get deals.
neutral	Retraining Workers for New Jobs and New Lives After Prison and Addiction A town and a country struggle to make a comeback from a shortage of skilled workers and a plunge into widespread opioid abuse.
negative	When Designer Steel From Lapland Makes Sense, DespiteTariffs The Finnish steel manufacturer Outokumpu has access to mineral deposits that give it a clear advantage over U.S. makers. But Trumps tariffs are raising prices for American customers.
positive	Sovereign Wealth Funds Embrace Their Growing Ambitions Once regarded mostly as sources of money for professional money managers, sovereign funds have matured into aggressive investors.
neutral	Tech Workers Now Want to Know: What Are We Building This For? Tech employees concerned their products are being deployed for government surveillance or censorship are increasingly asking their employers how the technology is being used.
negative	The Trump Trade Strategy Is Coming Into Focus. That Doesnt Necessarily Mean It Will Work. Taking an aggressive stance with traditional allies now seems to be just a warm-up for the main event: isolating China.
neutral	Eileen Fisher: When Was Fashion Week? The founder of her namesake clothing line drew inspiration from the kimono and never looked back. Today she oversees her company with a light touch and steers clear of the fashionista set.
positive	With 8 Years of Job Gains, Unemployment Is Lowest Since 1969 The American economy added 134,000 jobs in September, the Labor Department said, and unemployment fell to 3.7 percent.
positive	Macron, With Popularity Slumping, Tries Tax Cuts for Frances Working Class As polls numbers drop, President Emmanuel Macron promises benefits for middle- and low-income earners and tells investors he wont halt economic reforms.
negative	Private Businesses Built Modern China. Now the Government Is Pushing Back. Taxes are rising. Regulation is tightening. State-run firms are ascendant. That could spell problems for a country where economic growth is slowing.
negative	Firing Back at Trump in the Trade War With Tariffs Aimed at His Base A map of the counties targeted by China, Mexico, Canada and the European Union in a trade war looks strikingly similar to a map of the 2016 presidential election.
neutral	Do Muoi, Vietnams Leader in Economic Transition, Dies at 101 He was called a prime example of a steadfast communist. But he also pushed through reforms as Vietnam opened its markets and encouraged free enterprise.
negative	Silicon Valleys Keystone Problem: A Monoculture of Thought In a satirical new novel, a former Google executive identifies the technology industrys chief issue: its narrow engineering-focused bubble.
negative	For Canada, a Sigh of Relief More Than a Celebration in New Nafta Deal Although Prime Minister Justin Trudeau praised the agreement as a win for Canada, economists painted a more complex picture of some of its potential impact.
negative	I.R.S. Tax Fraud Cases Plummet After Budget Cuts Audits and criminal referrals are down sharply since Congress cut the tax agencys budget and management changed priorities.
negative	Housing Market Slows, as Rising Prices Outpace Wages Even in attractive, fast-growing cities like Denver, New York and Seattle, selling prices are rising more slowly and asking prices are being slashed.
negative	The Most Important Least-Noticed Economic Event of the Decade A localized recession in manufacturing-heavy areas can explain a lot of things.
neutral	The Hot Property Thats Next on Techs Agenda: Real Estate Venture capitalists are racing to pour money into technology for real estate  or what Silicon Valley is now calling proptech.
negative	As Debt Rises, the Government Will Soon Spend More on Interest Than on the Military Tax cuts, spending increases and higher interest rates could make it harder to respond to future recessions and deal with other needs.
neutral	Hotel Workers Fret Over a New Rival: Alexa at the Front Desk As technologies threaten to displace service workers, unions are making job protection and new opportunities a priority in contract talks.
neutral	Trumps Tariffs May Hurt, but Quitting China Is Hard to Do Companies are reconsidering where to put their factories as the trade war mounts, but few places can match Chinas convenience and reliability.
negative	Tariffs to Raise Cost of Rebuilding After Hurricane Florence Homeowners and businesses will have to pay more for lumber, steel, aluminum and other materials because of President Trumps trade policy.
negative	Workers Overdose on the Job, and Employers Struggle to Respond Many businesses are ill-equipped or unwilling to deal with opioid addiction even as it has driven up health costs and hurt productivity.
neutral	Why Jeff Bezos Should Push for Nobody to Get as Rich as Jeff Bezos Heres what the Amazon founders vast fortune tells us about the economic concentration of the tech industry  and how he might help unravel that for the world.
neutral	Republicans Opposing Trump on Trade Face Election Quandary Many party leaders in Washington like tax cuts but dislike tariffs. Few Americans share that combination of views.
neutral	Facebook Accused of Allowing Bias Against Women in Job Ads A case filed with federal regulators says the companys targeting technology is used to screen out female candidates in violation of the law.
negative	Trade Ministers Call for W.T.O. Overhaul, but Offer Few Details In a tacit acknowledgment that Mr. Trump has shaken the international trading system, G20 officials sought to reduce tensions.
neutral	Even in Better Times, Some Americans Seem Farther Behind. Heres Why. Two groups in particular  whites without a college degree, and black and Hispanic college graduates  have lagged as incomes and wealth have grown.
neutral	The Week in Tech: Apples Watch Steals the Show Apple held its annual iPhone event, but its watch wowed the industry. Plus, Google is in for a tougher time in Washington.
positive	Labor Board Moves Anew to Limit Employers Workplace Liability Foiled in reversing a policy change from the Obama era, the agency will try again to limit companies responsibility for franchisees and contractors.
neutral	Stealing From a Cashierless Store (Without You, or the Cameras, Knowing It) A start-up uses visual tracking and behavioral data to operate a new San Francisco market, which lets shoppers walk out unimpeded. And sometimes mischarged.
negative	Defying Erdogan, Turkeys Central Bank Raises Interest Rates The banks move, to ramp up the benchmark rate by 6.25 percentage points, had long been resisted by President Recep Tayyip Erdogan.
negative	E.C.B., at Latest Meeting, Highlights Risks From Trade War The central bank did not shift its monetary policy, but lowered its forecasts for economic growth in Europe, in part because of tensions over trade.
neutral	Are You Middle Class? This Calculator Claims to Tell You But some researchers say the tool from Pew Research isnt designed to include all of the factors associated with class, such as college education, types of employment and wealth.
neutral	U.S. Household Income Rises to Pre-Recession Levels, Prompting Cheers and Questions The median income rose in 2017 for the third straight year, the Census Bureau reported. But the details of the report raised concerns about whether middle-class households will simply tread water.
negative	Edgy Investors Are Retreating From Risky Economies In stark contrast to the U.S., where a bull market continues, investors are pulling out of developing economies as the economic and financial risks mount.
negative	Several Reported Killed in Libya as Gunmen Storm National Oil Company The attack punctuated a week of deadly violence in the capital and struck at the core of the countrys deteriorating economy.
negative	China Sees Hints of a Past Threat: Inflation If it persists, a steady uptick in prices could complicate Beijings effort to support economic growth and contend with the trade war with the United States.
neutral	Harvard Is Vaulting Workers Into the Middle Class With High Pay. Can Anyone Else Follow Its Lead? Students forced the university to shield campus workers from outsourcings impact on pay. But as a model, the policy challenges some economic axioms.
neutral	Whats Your Favorite New York Spot? Tell us what places in New York  gone or still hanging on  that you love the most and why.
negative	The Economy Needs More Workers. Last Month, It Got Fewer. The August jobs numbers suggest an economy that is starting to strain at its capacity, as the labor force shrank and wages rose.
negative	In a Sign of the Economys Strength, Jobs and Wages Moved Higher in August The largely positive Labor Department report hinted that tariffs could be starting to take a toll on manufacturing jobs.
neutral	James Mirrlees, Whose Tax Model Earned a Nobel, Dies at 82 A British social democrat, he was surprised by his own conservative findings  that more progressive rates on high earners can cost governments revenue.
neutral	Amazon Hits $1,000,000,000,000 in Value, Following Apple Apple became the first public company to be worth $1 trillion. Amazon hit the same milestone a month later, but the reasons for the e-commerce titans rise are more complicated.
positive	Hard Lessons (Thanks, Amazon) Breathe New Life Into Retail Stores Sales are booming at major chains that have taken cues from their giant online rival  signs of a revival in a $3.5 trillion industry.
positive	Summer Winds Down, and Big Tech Is Called Before Congress The newest jobs numbers are expected to show healthy gains, and Detroit automakers will report sales for August.
neutral	Martin Shubik, Economist and Game Theory Pioneer, Dies at 92 In the mid-1960s, he predicted that there would be computing machines in homes and schools. In the 1970s, he conducted a serious study of pastrami.
positive	What if the Economy and Markets Are Even Better Than They Look? The strength of the economy and the stock market might seem too good to be true. But you may want to hedge your bets.
positive	Trump Approach on Nafta Relieves Automakers Worst Fears Car and parts makers should be able to adapt to changes negotiated with Mexico without undue expense or disruption, analysts say.
neutral	Trump Seeks to Block Pay Raises for Federal Workers The president, who has moved to curb government unions, said the pay increase wasnt affordable. But Congress can still pass legislation granting the raises.
negative	Argentinas Peso Tumbles as Turbulence in Emerging Markets Spreads Argentinas central bank raised interest rates, trying to halt a plunge in the value of the peso. The turmoil led to a sell-off in other emerging-market currencies.
neutral	Specter of Trumps Car Tariffs Forces Allies to Give Ground in Talks But their offers may not satisfy a president who has shown a willingness to embrace trade tensions to extract more from American trading partners.
negative	Overtourism Worries Europe. How Much Did Technology Help Get Us There? A rising chorus blames Airbnb, Uber and other internet-enabled travel conveniences for a boom that threatens a sustainable balance.
positive	A Green Light for Banks to Start Redlining Again Changes to the Community Reinvestment Act would allow financial institutions to skirt rules on lending to poor and minority areas.
negative	U.S. agency probing two fatal Tesla crashes in Florida since last Sunday U.S. authorities are investigating a fatal Tesla Inc Model S crash in Florida last Sunday that killed the driver and caused a massive fire, the second fatal Tesla crash in the state this week being probed, the National Highway Traffic Safety Administration (NHTSA) said on Saturday.
neutral	Apple holders vote down proposal to disclose ideology of director nominees Apple Inc shareholders on Friday defeated a shareholder proposal from a conservative group that would have required the company to disclose the "ideological perspective" of nominees for its board of directors.
positive	German carmakers to invest 60 billion euros in electric cars and automation: VDA Germany's car industry is to invest nearly 60 billion euros ($68 billion) over the next three years on electric cars and automated driving, the head of the VDA car industry association said ahead of the Geneva motor show.
negative	Tesla's store-shuttering strategy may pull the rug out of solar Tesla Inc's sudden decision to shutter the bulk of its stores around the world raises a red flag over the future of its solar branch, a declining business it paid $2.6 billion for in a controversial 2016 deal.
positive	Trump asks China to lift tariffs on U.S. farm products U.S. President Donald Trump said he had asked China to immediately remove all tariffs on U.S. agricultural products because trade talks were progressing well.
positive	Exclusive: Huawei plans billions in dividends for staff despite row with U.S. - sources China's Huawei is set to reward employee shareholders with a 3 percent rise in cash dividends that are worth billions of dollars, according to company sources and Reuters calculations - a move expected to boost morale as it battles a U.S.-led drive against its telecom gear.
negative	U.S. says rejects WTO's 'straitjacket' of trade obligations The Trump administration filed another salvo at the World Trade Organization on Friday, saying U.S. trade policy was not going to be dictated by the international body and defending its use of tariffs to pressure China and other trade partners.
neutral	U.S. companies adapt to 'endless' China tariffs U.S. manufacturers are accelerating their shift out of China, coming to terms with a new reality: the Trump administration's tariffs will not go away any time soon.
negative	U.S. safety agencies to investigate fatal Tesla crash in Florida The National Highway Traffic Safety Administration (NHTSA) and the National Transportation Safety Board (NTSB) said they are sending teams to investigate a fatal crash in Florida on Friday involving a Tesla Inc car and a semi-trailer.
negative	Huawei to be arraigned in U.S. fraud case in New York on March 14 Huawei Technologies Co Ltd and two affiliates will be arraigned on March 14 in U.S. District Court in Brooklyn, New York, on accusations the company committed bank and wire fraud and violated sanctions against Iran, according to a court filing on Friday.
negative	Canada to allow extradition case against Huawei executive The Canadian government, as expected, said on Friday it would allow an extradition hearing to proceed against Meng Wanzhou, the chief financial officer of Huawei Technologies Co Ltd who was detained in Canada late last year.
neutral	Take Five: U-turn if you want to! World markets themes for the week ahead Following are five big themes likely to dominate thinking of investors and traders in the coming week, and the Reuters stories related to them.
neutral	Tesla enters uncharted territory after move to dismantle store network Tesla Inc's move to dismantle its network of high-end showrooms as part of a plan to launch the long-awaited cheaper version of its Model 3 sedan has pushed the electric carmaker into uncharted territory for an industry that has long relied on physical stores to move the metal.
negative	Tesla settles in cash $920 million convertible bond obligation Tesla Inc has paid off a $920 million convertible bond obligation in cash, a company spokesperson said on Friday.
negative	Mexico eyes fresh U.S. targets for tariffs to pressure Trump over steel Mexico's government on Friday threatened to slap duties on new U.S. products in retaliation for the Trump administration's steel and aluminum tariffs as it seeks to turn up pressure on Washington to exempt it from the measures.
negative	Wall St. Week Ahead: U.S. stock reign may not last over other regions U.S. stock prices are outpacing those in most other regions to start 2019, but the gap is narrow and some investors are eyeing potential catalysts to tip the scales to the rest of the world.
negative	Canada approves Huawei extradition proceedings, China seethes The Canadian government, as expected, on Friday approved extradition proceedings against the chief financial officer of Huawei Technologies Co Ltd, prompting a furious reaction from China.
neutral	Southwest Airlines readies Hawaii flights in West Coast push Southwest Airlines Co will soon begin flying to Hawaii from California, as part of the budget-friendly carrier's push to boost leisure travel from the West Coast, an executive said on Friday.
positive	Blackstone CEO Schwarzman pockets at least $568 million in 2018: filing Blackstone Group LP Chief Executive Stephen Schwarzman pocketed at least $567.8 million in 2018 dividends and compensation, making him yet again the private equity industry's highest earner, a regulatory filing showed on Friday.
negative	Cultural clash overshadowing Barrick's Newmont bid Conflicting cultures and management styles are overshadowing Barrick Gold Corp's $18 billion bid for rival Newmont Mining Corp, becoming factors just as important to the deal's success as whether or not the pair's lucrative assets in Nevada and elsewhere fit well together.
negative	Wall Street rises as trade optimism counters weak data The S&P 500 and the Dow Jones Industrial Average snapped a three-day run of losses on Friday as optimism about the prospects for a U.S.-China trade agreement countered downbeat U.S. and China manufacturing data.
negative	Wells Fargo officials enter $240 million settlement over bogus accounts Wells Fargo & Co executives and directors have reached a $240 million settlement with U.S. shareholders over the creation by bank employees of millions of unauthorized customer accounts.
positive	Amazon plans new grocery-store business: WSJ Amazon.com Inc plans to open dozens of grocery stores across the United States as it looks to expand in the food business, the Wall Street Journal reported on Friday, citing people familiar with the matter.
neutral	Intellia CEO not involved in Starboard's Bristol-Myers board challenge Intellia Therapeutics Inc Chief Executive John Leonard, who U.S. drug maker Bristol-Myers Squibb Co said last week was nominated by hedge fund Starboard Value LP to sit on its board, is not affiliated with the effort, an Intellia spokeswoman said on Thursday.
neutral	U.S. holds major oil and gas lease sale in sage grouse habitat The U.S. government kicked off a major sale of oil and gas leases in Wyoming this week after rejecting protests over lands on offer that are considered critical areas for wildlife.
neutral	U.S. trade chief courts auto union to back North American trade pact U.S. Trade Representative Robert Lighthizer and his staff will head to Michigan next week to meet with United Auto Workers union leaders in an effort to win labor backing for a new North American free trade deal, the union said on Friday.
negative	U.S. consumer spending, factory data point to weak first quarter GDP growth U.S. personal income fell for the first time in more than three years in January and consumer spending dropped by the most since 2009 in December, putting the economy on a weak growth path early in the first quarter.
negative	U.S. auto sales fall in February on weak SUV demand Automakers on Friday reported a decline in U.S. light vehicle sales for February as demand for SUVs slows after years of rapid growth, pointing to a drop in overall sales in 2019.
negative	U.S. fines American Airlines, Delta for long tarmac delays American Airlines was fined $1 million and Delta Air Lines Inc $750,000 for violating federal rules barring lengthy tarmac delays at U.S. airports, the U.S. Transportation Department said on Thursday.
positive	Jaguar Land Rover to announce major UK investment: BBC Luxury carmaker Jaguar Land Rover, part of Tata Motors Ltd, is preparing to announce hundreds of millions of pounds worth of investment in Britain, the BBC reported on Friday.
negative	BNP Paribas to cut up to 2,500 jobs at its Belgian bank BNP Paribas reached an agreement with unions over a plan to cut as many as 2,500 jobs at its Belgian retail banking unit by 2021 as part of an effort to bring down costs.
negative	Volkswagen's flagship VW brand missed margin goal in 2018: Spiegel Volkswagen's flagship VW brand missed its margin target in 2018 as operating profits declined despite growth in top-line revenues at the German carmaker, news weekly Spiegel reported on Friday, citing unpublished figures.
positive	Gap shares surge 24 percent as Wall Street praises split Gap Inc shares surged as much as 24 percent on Friday as a number of Wall Street analysts lauded the company's decision to separate its better-performing Old Navy brand.
negative	Exclusive: Apollo bets on Clearway Energy, defying PG&E bankruptcy fallout Private equity firm Apollo Global Management LLC has amassed a 6 percent stake in Clearway Energy Inc, a renewable energy producer whose shares were hit after one of its customers filed for bankruptcy, people familiar with the matter said on Friday.
negative	Norway's Aker BP switching gears from M&A to exploration Norwegian oil and gas company Aker BP is switching emphasis from M&A toward exploration, taking a potentially riskier path to increase its resources after years when it has relied on acquisitions to add the bulk of its new barrels.
negative	Canada PM speaks to Trump about tariffs, sources see little progress Canadian Prime Minister Justin Trudeau spoke to U.S. President Donald Trump on Thursday about American tariffs on steel and aluminum, Trudeau's office said on Friday, but well-placed sources said there was little sign of progress.
neutral	Another Kroger unit to stop accepting Visa credit cards due to high fees U.S. supermarket chain Kroger Co on Friday said its Smith's Food and Drug Stores division will stop accepting Visa Inc's credit cards, starting April 3, because of excessive transaction fees.
positive	A day of reckoning for the ECB? The European Central Bank has downplayed a global slowdown for months, but it will finally take a tentative step next week to prop up the euro zone economy, signaling fresh stimulus to keep banks lending.
negative	Tesla debuts $35,000 Model 3, sees loss in first quarter Tesla Inc said on Thursday it would not be profitable in the first quarter, as it offered for the first time a $35,000 version of its Model 3 sedan and said its global sales would now be online-only, steps designed to increase demand and cut overhead costs for the electric vehicle maker.
neutral	EBay announces review of StubHub, Classifieds in deal with activists EBay Inc on Friday announced a review of its StubHub and eBay Classifieds businesses and said it would appoint two new directors to its board, as part of an agreement with activist investors to avert a proxy contest.
negative	EU states block putting Saudi Arabia, U.S. territories on dirty-money list European Union member states unanimously rejected on Friday a proposal to blacklist Saudi Arabia and four U.S. territories for lax controls on terrorism financing and money laundering, sources told Reuters.
negative	Glencore highlights trade as 'foremost risk', others growing Glencore said trade barriers are its "foremost risk", but climate, political, legal and other potential dangers have become more pressing for the mining and trading group.
negative	India's growth may decelerate further despite election spending Billions of dollars of pre-election spending by the Indian government and political parties in the next two months is unlikely to stop the nation's economy from slowing further, economists said.
neutral	Caesars bows to Icahn demands on board, sale still eyed U.S. casino operator Caesars Entertainment Corp has struck a deal with investor Carl Icahn that appoints three new directors to its board, although the billionaire hedge fund manager continues to press for a sale of the company.
negative	Euro zone's triple-A bond drought persists after ECB steps away High-grade euro zone debt remains scarce even though the European Central Bank has stopped its huge purchases of new bonds, intensifying concerns that banks will face future collateral shortages and highlighting the need for safe assets.
negative	Malaysia seeks $7.5 billion in reparations from Goldman Sachs: FT Malaysia is seeking $7.5 billion in reparations from Goldman Sachs Group Inc over its dealings with scandal-linked state fund 1MDB, the Financial Times (FT) reported on Friday, citing the finance minister.
neutral	JD.com CEO will not face assault charges in Minnesota Minnesota prosecutors will not charge the billionaire chief executive officer of China's JD.com Inc, Richard Liu, after he was accused of rape by a University of Minnesota student during a recent U.S. visit, authorities said on Friday.
negative	Nasdaq confirms bear market; economic worries sink Wall Street Wall Street stocks fell sharply in volatile trading on Friday, with the Nasdaq confirming it is in a bear market, as concerns of slowing economic growth led investors to flee stocks in high-valuation sectors such as technology and communication services.
neutral	Incoming Campbell Soup CEO Clouse to be paid up to $7.4 million in 2019 Campbell Soup Co said on Friday that incoming Chief Executive Mark Clouse, a food industry veteran, could be paid as much as $7.4 million in compensation for fiscal 2019.
negative	Nasdaq in bear market, first of the three major U.S. indexes The Nasdaq Composite Index confirmed on Friday it is in a bear market for the first time since 2008, underscoring fears that the longest bull run in history for U.S. stocks could soon be over.
negative	China's HNA in talks to sell Ingram Micro to Apollo Global: source HNA Group Co [HNAIRC.UL] is in talks to sell Ingram Micro Inc to private equity firm Apollo Global Management Llc , a source familiar with the matter said on Friday, as the Chinese conglomerate continues to scale back operations.
negative	Factbox: Past Nasdaq bear markets lasted long and cut deep On Friday, the Nasdaq Composite closed almost 22 percent below its record high daily close on Aug. 29, signaling a nearly nine-and-a-half year bull market run for the index ended in late summer.
neutral	Wells Fargo moves jobs abroad after U.S. layoffs, government says Wells Fargo & Co. has been hiring overseas after pledging to eliminate thousands of jobs, according to a Department of Labor investigation.
negative	Automakers boost Takata air bag recall completion rates Automakers in the United States repaired more than 7.2 million defective Takata air bag inflators in 2018, as companies have ramped up efforts to track down parts in need of replacement, a report from an independent monitor released on Friday said.
positive	Boeing heads for expected 2018 plane order victory over Airbus Boeing Co looked poised to beat European arch-rival Airbus for aircraft orders in 2018 by a wide margin after clinching billions of dollars in new business from Nigeria's Green Africa Airways and Saudi Arabia's flyadeal.
neutral	Goldman Sachs CEO to employees: our compliance is strong Goldman Sachs Group Inc Chief Executive David Solomon on Friday defended the bank against criticism of its compliance and oversight related to dealings with the sovereign wealth fund 1MDB, according to a message sent to employees obtained by Reuters.
negative	Dollar rallies from post-Fed losses as U.S. shutdown likely The dollar gained on Friday as investors sought the currency's safety amid persistent equity market volatility and a possible U.S. government shutdown.
neutral	Citi regional executives get new responsibilities in 2019 Citigroup Inc has divided up the roles of outgoing North America Chief Executive Bill Mills, according to an internal memo seen by Reuters.
positive	Williams soothes markets, says Fed listening and could change policy The Federal Reserve is listening to the concerns of markets and open to changing its policy views next year, one its most influential members said on Friday, even while he stood by plans for interest-rate hikes and further paring of the Fed's bond portfolio.
negative	Biotech swoon adds to Nasdaq's pain as bear market looms ever closer As the Nasdaq Composite continues to stumble its way toward a bear market, biotech shares are worsening the collapse of the tech-heavy index.
negative	U.S. third-quarter growth trimmed; business spending slowing The U.S. economy slowed slightly more than previously estimated in the third quarter and momentum appears to have moderated further in the fourth quarter, with new orders and shipments of manufactured capital goods falling in November.
negative	Global stock indexes slide as U.S. government shutdown looms World stock markets continued a week-long sell-off on Friday as the threat of a U.S. government shutdown and further hikes in U.S. borrowing costs compounded investor anxiety that global economic growth is slowing.
neutral	Exclusive: Mitsui, Saudi Aramco, Russia's RDIF in talks to buy Arctic LNG 2 stakes - sources Japan's Mitsui & Co Ltd , Russian sovereign wealth fund RDIF and Saudi Aramco are in talks to buy stakes in Novatek's Arctic LNG 2 project, with the size of the investments still to be decided, sources familiar with the talks told Reuters.
neutral	EU watchdog to rule on data exchange among market regulators The European Union's data watchdog will decide in coming weeks if financial regulators around the world can routinely swap information to keep markets clean without getting tangled up in the EU's new data protection regime.
positive	Nike shares rise as strong quarterly results allay China demand concerns Nike Inc shares rose 9 percent on Friday, after the company's solid quarterly results eased worries that escalating trade tensions between Washington and Beijing would weigh on China demand and hurt the sportswear maker's growth story.
negative	French court fines oil group Total in Iran bribery case A Paris court fined French oil and gas group Total 500,000 euros ($570,000) on Friday for bribing foreign public officials in a case related to Iranian contracts in 1997.
neutral	Zynga buys Empires & Puzzles gamemaker in largest deal to date (This corrects paragraph 7 of December 20 story to say Zynga acquired a unit of Peak Games, and not the entire company. The error also appeared in an earlier version)
negative	Lab-grown diamond prices slide as De Beers fights back Since De Beers abandoned its decades-old policy of refusing to sell lab-grown diamonds as jewelery, the price gap between man-made stones and natural gems has widened - and the difference is set to get even bigger.
negative	Exclusive: Global traders halt new Iran food deals as U.S. sanctions bite - sources Cargill, Bunge and other global traders have halted food supply deals with Iran because new U.S. sanctions have paralyzed banking systems required to secure payments, industry and Iranian government sources say.
negative	U.S. auto sales seen falling 1 percent in Dec - J.D. Power, LMC The pace of U.S. vehicle sales is set to slow for the sixth straight month in December despite aggressive discounts from manufacturers, according to industry consultants J.D. Power and LMC Automotive.
negative	U.S. third-quarter economic growth revised down to 3.4 percent The U.S. economy slowed in the third quarter a bit more than previously estimated, but the pace was likely strong enough to keep growth on track to hit the Trump administration's 3 percent target this year, even as momentum appears to have moderated further early in the fourth quarter.
neutral	Take Five: Bear-y Christmas! World markets themes for the week ahead Following are five big themes likely to dominate thinking of investors and traders in the coming week and the Reuters stories related to them.
negative	Political stumbles, savvy activists knock Canada's oil sector to its knees A decade ago, Canada's oil sector was growing so fast it was predicted to become a global energy superpower, but a series of political missteps and formidable environmental activism has created a dysfunctional system requiring OPEC-style government intervention to move its oil to market.
negative	Exclusive: Nigerian energy sector's crippling debts delay next power plant Plans to build another privately-financed power station in Nigeria to help end decades of chronic blackouts have been delayed because of concerns about persistent shortfalls in payments for electricity across the sector.
negative	Volkswagen to write off Gett investment - Spiegel German carmaker Volkswagen will write off its investment in Gett after the Israel-based ride hailing app failed to gain ground on bigger rivals Uber [UBER.UL], Lyft and Didi, weekly Der Spiegel reported on Friday.
negative	Ford recalling 874,000 pickup trucks in North America for fire risks Ford Motor Co said Friday it is recalling 874,000 pickup trucks in North America with engine block heaters for fire risks.
positive	Tencent shares spike as China watchdog flags video game approvals Tencent Holdings Ltd's shares surged on Friday after a local regulatory official said some new video games had been cleared for sale, ending a lengthy freeze in approvals that has spooked players in the world's largest gaming market.
negative	Futures extend slide on growth fears, government shutdown threat S&P 500 e-minis logged their biggest losing streak in seven years on Friday, dropping about 0.6 percent on growing worries of slowing global growth and the threat of a U.S. government shutdown.
positive	Foxconn to build $9 billion chip plant in China with local govt: Nikkei Taiwan's Foxconn , Apple Inc's iPhone assembler, is in the final stages of talks with the local government of the Chinese city of Zhuhai to build a chip plant there with a total investment of about $9 billion, the Nikkei business daily reported on Friday.
neutral	German retailer Kaufland drops Unilever products over price rises The German food retailer Kaufland on Friday said that it was dropping Unilever products from its shelves to protest against price increases.
neutral	Want to sue Venezuela for millions? These firms can help, for a price As Venezuela collapses, one little-known U.S. investment fund is poised to win big from litigation against its socialist government: Tenor Capital Management.
negative	Ghosn re-arrested on fresh allegations, likely to spend Christmas in detention Japanese prosecutors arrested Nissan Motor Co Ltd's ousted chairman Carlos Ghosn again on Friday on new allegations of making Nissan shoulder $16.6 million in personal investment losses, dashing chances he would be released on bail before Christmas.
neutral	Japan Inc exit from nuclear exports would leave field to Russia, China The possible withdrawal of Japanese conglomerates from nuclear export projects in Britain and Turkey would leave the nuclear newbuild industry open to Russian and Chinese state-owned companies as Western private firms struggle to compete.
positive	SoftBank's Vision Fund nearing $1.5 billion investment in SE Asia's Grab: source SoftBank Group Corp is nearing a deal to invest $1.5 billion in Grab, three times a previously expected $500 million, as Southeast Asia's biggest ride-hailing firm looks to expand, a person with knowledge of the matter said.
negative	Explainer: Arrested again: What are the new allegations against Nissan's Ghosn? Japanese prosecutors arrested Nissan's ousted chairman Carlos Ghosn for a third time on Friday, accusing him of aggravated breach of trust in transferring personal investment losses to the automaker.
neutral	Massages and free fish help east Europe tackle labor shortages What's does a company do when it doesn't have enough workers and unemployment rates are at record lows? In eastern Europe answers includes workplace massages, free carp for Christmas and guaranteed jobs for spouses.
neutral	Toshiba has no immediate plans to sell memory chip stake: CEO Toshiba Corp has no immediate plans to sell its 40.2 percent stake in Toshiba Memory Corp, its chief executive told Reuters, as the world's No. 2 producer of NAND flash memory chips prepares to go public within the next three years.
negative	Crude refusal: China shuns U.S. oil despite trade war truce China, the world's top oil importer, is set to start 2019 buying little or no crude from the United States despite a three-month truce in a trade scrap between the two nations, with relatively high freight costs and political uncertainty choking demand.
positive	China poised to buy more U.S. soybeans: sources China plans to make a third round of U.S. soybean purchases within days, two sources familiar with the matter said on Thursday, after a trade war truce between Washington and Beijing this month triggered two waves of buying.
negative	Exclusive: Bangladesh says to collect, test samples of Johnson & Johnson Baby Powder Bangladesh will collect and test samples of Johnson & Johnson's Baby Powder for asbestos in a couple of days, its main testing authority said on Friday, after a Reuters report last Friday that the firm knew for decades that cancer-causing asbestos could be found in the product.
neutral	Factbox: How man-made diamonds have grown to threaten natural gems The growing acceptance of man-made diamonds by millennials has spurred De Beers to reverse its policy of shunning the sector for jewelry and to launch its own laboratory-grown diamonds through its Lightbox jewelry brand.
neutral	Keeping on truckin': DHL seeks to counter driver shortages Faced with a chronic shortage of truck drivers, logistics firm Deutsche Post DHL Group is trialing a new scheme to get more people behind the wheel so it can keep goods flowing across Europe, especially at peak times like Christmas.
negative	Indian regulator orders J&J to stop using raw material to make Baby Powder in India India's drugs regulator has ordered Johnson & Johnson to stop manufacturing its Baby Powder using raw materials in two of its Indian factories until test results prove they are free of asbestos, a senior official said on Thursday.
negative	Dealmakers brace for slowdown after third-strongest M&A year Dealmakers celebrating their third-strongest year on record are fretting 2019 will herald a steep drop in mergers and acquisitions worldwide, as market jitters and economic uncertainty take their toll.
neutral	Mitsubishi seeks dismissal of Bombardier trade secrets case A trade secrets lawsuit brought by Canada's Bombardier Inc against the aircraft unit of Mitsubishi Heavy Industries Ltd should be dismissed because the allegations are baseless and designed to "disrupt development" of a rival jet, a spokesman for the Japanese company said on Thursday.
neutral	Vanguard CIO Buckley to take over as CEO from McNabb on Jan. 1 Vanguard Group, the world's largest mutual fund manager, said on Thursday Chief Executive Bill McNabb will step down at year end and be replaced by Chief Investment Officer Tim Buckley, betting on the internal successor to oversee rapid growth.
positive	Wall Street rises as financials lead before earnings Wall Street posted slight gains on Thursday and the Dow hit another record high close, with financials rising ahead of profit reports due Friday from several big U.S. banks.
neutral	CEO of Martin Shkreli's old company likens him to 'Pied Piper' The CEO of Retrophin Inc, the drug company that Martin Shkreli founded and is now accused of conspiring to defraud, compared Shkreli to the Pied Piper on Thursday as he tried to explain to jurors why he stuck with the company in its early days despite misgivings.
negative	Music streamer SoundCloud has cash until fourth quarter after layoffs SoundCloud, the world's biggest music-streaming service, is still struggling to find a business model - it now has enough cash to last until fourth quarter, after laying off 40 percent of its staff, a representative said on Thursday.
positive	U.S. energy secretary in Mexico eyes cooperation U.S. Energy Secretary Rick Perry promised on Thursday to promote cross-border electricity trade and investment with Mexico and said he expected talks aimed at updating the North American Free Trade Agreement (NAFTA) to proceed quickly.
neutral	FanDuel, DraftKings scrap troubled merger Daily fantasy sports companies FanDuel and DraftKings scrapped a plan to merge on Thursday following a legal challenge by U.S. antitrust enforcers.
positive	World shares rise to fresh peak; oil gains Upbeat data helped send world shares to a fourth all-time high in less than a month on Thursday as Wall Street edged higher in anticipation of solid earnings, while crude oil gained on evidence of stronger demand in China.
negative	Delta's profit tumbles on higher costs; passenger unit revenue rises Delta Air Lines Inc on Thursday reported a 21 percent drop in second-quarter profit because of sharply higher labor and fuel costs, despite higher passenger unit revenue, sending its shares down 2 percent.
positive	Boeing trade complaint won't slow CSeries deliveries: Delta CEO Delta Air Lines will not delay its 2018 deliveries of CSeries planes from Canada's Bombardier Inc , the carrier's chief executive said on Thursday, following an anti-dumping complaint by Boeing Co against the jets.
neutral	Trump Hotels discloses data breach at 14 properties Trump International Hotels Management LLC said late on Tuesday a data breach at a service provider compromised card payment details at 14 of its properties.
neutral	Disney agrees to sell Fox Sports in Brazil to win antitrust nod Walt Disney Co accepted a demand by Brazil's antitrust regulator CADE that it sell local rights for the Fox Sports channel to win approval of its takeover of Twenty-First Century Fox Inc, the regulator said on Wednesday.
neutral	Wells Fargo starts settlement talks with Justice Dept, SEC Wells Fargo & Co said on Wednesday that it entered preliminary settlement discussions with the U.S. Department of Justice and the Securities and Exchange Commission over previously disclosed probes into its sales practices.
positive	Southwest Airlines wins U.S. approval for Hawaii service Southwest Airlines Co said on Wednesday it won approval from the U.S. Federal Aviation Administration to begin flying to Hawaii from California, clearing the way for the low-cost carrier to move forward with a key part of its 2019 growth plan.
neutral	Wall Street steadies after Lighthizer, Powell, Cohen testimonies The S&P 500 closed down slightly on Wednesday but well above its session low after testimonies to U.S. Congress from trade and central bank officials as well as President Donald Trump's former lawyer brought few major surprises.
neutral	Disney in talks with AT&T to buy WarnerMedia's Hulu stake: Variety Walt Disney Co is actively pursuing the purchase of WarnerMedia's nearly 10 percent stake in Hulu, entertainment business news portal Variety reported on Wednesday, citing sources.
negative	Global stocks slip after U.S. trade official's comments but energy up Global stock indexes ended with mostly slight losses on Wednesday after U.S. Trade Representative Robert Lighthizer said it was too early to predict an outcome in U.S.-China trade talks, although a jump in oil prices lifted shares of energy companies.
neutral	How U.S. bike companies are steering around Trump's China tariffs (This Feb 26 story corrects data in paragraph 11 that was provided by Kent International comparing wages in China to the United States. Fixes typos in Kent chief executive's name in paragraph 24.)
neutral	Germany's Merck makes $5.9 billion counterbid for Versum German drugs and lab supplies maker Merck KGaA offered $5.9 billion, including debt, for Versum Materials, in a cash deal that tops an offer from U.S. rival Entegris, as both seek to boost their electrochemicals operations.
positive	FedEx partners with Walmart, Pizza Hut to test last-mile delivery robot FedEx Corp this summer plans to begin testing a robot to handle home deliveries for partners ranging from Walmart Inc to Pizza Hut.
positive	U.S. wants regular meetings to ensure trade deal enforcement: Lighthizer The United States wants meetings as regularly as once a month to ensure enforcement of any potential trade pact with China, U.S. Trade Representative Robert Lighthizer said on Wednesday.
neutral	Boeing seeks UK decision on Wedgetail jet buy this year: executive Boeing hopes Britain will decide this year on plans to buy E-7 Wedgetail early warning jets, an executive said, after talks last year sparked a row over competition in arms procurement.
neutral	JPMorgan hires commercial bankers, leaders across Europe, Asia JPMorgan Chase & Co on Wednesday named half a dozen people to a commercial banking team in Europe and new international and Asia-Pacific regional leaders, as the U.S. bank closes in on business clients it hopes to poach from rivals abroad.
positive	Oil rises 2 percent as U.S. crude stocks plunge, OPEC brushes off Trump Oil futures gained about 2 percent on Wednesday after U.S. crude inventories unexpectedly plummeted and as Saudi Arabia brushed aside comments from U.S. President Donald Trump seeking to keep oil prices from climbing.
neutral	WeWork aims for the middle with expanded 'HQ' service WeWork is expanding an effort to retain mid-sized businesses which had been leaving the shared office space manager after they grew past the small-company phase, and to catch up with rivals already catering to these clients.
positive	Amazon, Comcast, Electronic Arts submit bids for Nexon holding firm-Maeil report Amazon.com Inc, Comcast Corp and Electronic Arts Inc submitted initial bids for the holding firm of South Korea's biggest gaming firm Nexon, Maeil Business Newspaper said on Wednesday, citing investment banking sources.
neutral	Exclusive: Exxon adds veteran traders to bulk up oil trading - sources Exxon Mobil Corp has hired veteran crude traders Mitch Rubinstein and Michael Paradise in Houston, to further boost its trading capabilities, sources familiar with the matter told Reuters on Wednesday.
negative	Air France-KLM shares slump on surprise Dutch stake buy Shares in Air France-KLM fell sharply as the Dutch government amassed a 14 percent stake in the airline to counter French influence, in a surprise move highlighting tensions over the company's strategic direction.
neutral	Factbox: Dutch state builds 14 percent stake in Air France KLM The Dutch government in recent days has stealthily built up a 14 percent stake in Air France KLM, which it said was needed to protect Dutch interests from growing French dominance in the airline group.
neutral	Dutch state's Air France-KLM raid shows interventionist mood When Air France's new Canadian chief executive met Dutch politicians in The Hague on Feb. 15, he unknowingly set in motion a new chapter in European aviation nationalism.
neutral	Airbus eyes warplane with no German parts after Saudi arms ban: sources Airbus has decided to redesign the C295 military transport aircraft it builds in Spain to remove German components following Germany's freeze on arms exports to Saudi Arabia, company sources told Reuters.
neutral	J.C. Penney pulls plug on clothing subscription service J.C. Penney Co Inc on Friday will end a clothing subscription service venture, the retailer said this week, a move toward sharpening its focus on more-profitable apparel sales and exiting lines like major appliances.
negative	U.S. goods trade deficit deteriorates; factory orders edge up The U.S. goods trade deficit widened sharply in December as slowing global demand and a strong dollar weighed on exports, another sign that economic growth slowed in the fourth quarter.
neutral	Factbox: U.S. Commerce Department to publish fourth-quarter GDP report Thursday The U.S. Commerce Department's Bureau of Economic Analysis (BEA) will publish the fourth-quarter gross domestic product (GDP) report on Thursday at 08:30 a.m (1330 GMT) after it was delayed by a 35-day partial shutdown of the government that ended on Jan. 25.
positive	Best Buy shares surge 16 percent on upbeat profit view, robust holiday quarter Best Buy Co Inc shares surged 16 percent on Wednesday after it gave an upbeat profit forecast for the year and reported better-than-expected holiday-quarter sales.
negative	Qatar, China, Japan sought 'extras' after Barclays 2008 fundraising: court Qatari, Chinese and Japanese investors all sought "extras" from Barclays as the British bank raised billions of pounds at the height of the credit crisis in 2008, a landmark London criminal trial heard on Wednesday.
negative	Qatar Airways suspended some destinations planned for Africa after Gulf boycott Qatar Airways said on Wednesday that it had decided not to go ahead with routes to some planned destinations following a Gulf boycott, particularly in West and Central Africa, the company said in a Twitter post.
neutral	U.S. aims to combat Chinese currency manipulation in trade deal: Lighthizer The United States is seeking to prevent China from competitively devaluing its currency as part of ongoing trade talks between the countries, following past manipulations of the yuan, U.S. Trade Representative Robert Lighthizer said on Wednesday.
positive	Lowe's predicts more home renovations this year after strong profit U.S. home improvement chain Lowe's beat Wall Street earnings forecasts on Wednesday, and predicted that more Americans would renovate their houses this year rather than buy a home in a market where prices are rising.
neutral	Air France KLM: will look to ensure new Dutch stake does not impact company Air France KLM's board will try and ensure that the stake in the airline taken by the Dutch government will not have a negative impact on the company, the airline said.
negative	French Finance Minister: Dutch move on Air France KLM was 'incomprehensible' The Dutch government's decision to increase its stake in Air France KLM was both "incomprehensible" and unexpected, said French Finance Minister Bruno Le Maire on Wednesday.
positive	Campbell Soup beats earnings estimates, shares rise Campbell Soup Co on Wednesday reported better-than-expected adjusted earnings, helped by its acquisitions of Snyder's-Lance and Pacific Foods.
negative	Mylan shares sink as bleak profit outlook sparks growth concerns Mylan NV shares slid 10 percent on Wednesday after the generic drug maker predicted poor 2019 earnings that led some Wall Street analysts to wonder if its finances would worsen further.
neutral	U.S. goods trade deficit widens sharply in December The U.S. goods trade deficit widened sharply in December as slowing global demand and a strong dollar weighed on exports, another sign that economic growth slowed in the fourth quarter.
neutral	Credit reporting agencies face pressure from skeptical U.S. Congress (This Feb. 26 story corrects the name of Equifax in paragraph 2)
negative	Ford's China JV ends some contracts with job agencies as sales fall Ford Motor Co's joint venture with China Changan Automobile Group has decided not to renew its contract with some agencies supplying it with workers, as carmakers struggle to cope with slumping sales in China.
neutral	VW praises Ford's autonomous tech as partnership talks continue Volkswagen on Wednesday praised its cooperation with Ford and took pains to highlight its rival's autonomous vehicles technology, as both carmakers explore deepening their partnership to include self-driving cars.
positive	EU needs financial police, money-laundering watchdog: lawmakers The European Union should set up a police force to investigate tax evasion and financial crime and create a watchdog to counter money-laundering, EU lawmakers said in a report on Wednesday, which accuses seven member states of acting as tax havens.
positive	TJX holiday quarter same-stores sales beat estimates Off-price apparel retailer TJX Cos Inc reported better-than-expected quarterly same-store sales on Wednesday, as steep discounts drove more shoppers to its T.J. Maxx and Marshalls stores during the holiday season.
positive	Volkswagen deepens cloud computing partnership with Microsoft Volkswagen said on Wednesday it had struck a deal with Microsoft to cooperate on cloud computing in China and the United States, as part of its drive to offer connected vehicle services across the globe.
neutral	You don't need a PhD anymore to read Fed's statements The Fed's policy statements grew so complicated after the recession that standard gauges of readability suggested people needed four years of university or more to understand them.
neutral	Volvo's Polestar joins electric car race with rival to Tesla 3 Volvo Cars' luxury performance brand Polestar unveiled its first fully electric sedan on Wednesday, opening up online pre-orders for the five-seater fastback at a price and with a driving range to rival Tesla's mass market Model 3.
neutral	Saudi Aramco adds Goldman Sachs as bookrunner for planned bond: sources Saudi Aramco has added Goldman Sachs as a bookrunner for a planned bond which will help finance its purchase of a stake in Saudi Arabian Basic Industries Corp (SABIC), two sources familiar with the matter told Reuters.
neutral	Huawei, Samsung agree to settle patent dispute in U.S. court China's Huawei Technologies and South Korea's Samsung Electronics have agreed to settle a two-year old patent dispute in the United States, court documents show.
neutral	Investor Cerberus open to Deutsche Bank merger with Commerzbank: source U.S. investor Cerberus, a major shareholder in both Deutsche Bank and Commerzbank, is open to a merger between Germany's two biggest lenders, a person familiar with the matter said on Wednesday, raising the chances of a tie-up.
neutral	StanChart hiring Chinese-speaking bankers to connect its network Standard Chartered is targeting more trade-focused business from Chinese companies by hiring around 15 bankers worldwide, a source familiar with the plans told Reuters.
positive	Bayer reaps profit lift from Monsanto seeds, consumer health Bayer's $63 billion purchase of U.S. seeds maker Monsanto made its mark on the German company's fourth quarter earnings on Wednesday, lifting profit and boding well for the peak season of its enlarged agriculture business.
negative	Tesla's Musk must address SEC contempt bid as he calls agency 'broken' A federal judge on Tuesday ordered Tesla Inc Chief Executive Elon Musk to explain by March 11 why he should not be held in contempt for violating his fraud settlement with the U.S. Securities and Exchange Commission.
positive	Ahold says on course to meet U.S. online sales growth targets Ahold Delhaize, which operates supermarkets in Europe and the United States, is on track to meet a 20 percent U.S. online sales growth target this year as it opens automated grocery distribution points along the East Coast, its chief executive said on Wednesday.
neutral	Elliott pushes for Hyundai shareholder support after dividend proposals rejected Elliott Management Corp on Wednesday urged shareholders of a Hyundai Motor Group firm to vote for its proposal for higher dividends and new board members, a day after the South Korean conglomerate rejected demands by the U.S. activist investor.
positive	Wingardium Leviosa! Harry Potter magic helps Lego lift sales Harry Potter and Star Wars building sets helped Lego return to growth in 2018, along with strong sales in China, where the privately-owned Danish toymaker plans to open new stores.
positive	China's CDH targets raising $1 billion in venture capital arm: sources China's CDH Investments is aiming to raise nearly $1 billion in dollar and yuan funds through its venture and growth capital arm to invest in sectors including healthcare and logistics, said people with direct knowledge of the matter.
positive	Vietnamese carriers VietJet, Bamboo unveil Boeing deals worth $15 billion Vietnamese carriers VietJet and Bamboo Airways formally announced on Wednesday deals with Boeing Co to buy 110 planes worth more than $15 billion as the fast-growing companies look to expand their operations in Asia and beyond.
positive	Hyundai Motor says to lift auto operating margin to 7 percent by 2022 Hyundai Motor Co said on Wednesday it plans to boost the core automotive businesses operating profit margin to 7 percent by 2022, compared with 2.1 percent in 2018, as part of its mid- to long-term plan.
negative	Hot-rolled mess: China's steelmakers hit the skids as car sales slow China's steel mills may have taken a wrong turn by adding millions of tonnes of new high-end capacity just as the country's car sector, a key steel consumer, undergoes its first contraction in decades, cutting metal demand.
positive	Sunrise in advanced talks for Liberty Global's $6.3 billion Swiss unit Sunrise Communications has entered "advanced discussions" to buy Liberty Global's Swiss business in a deal which values the internet and digital television provider at 6.3 billion Swiss francs ($6.30 billion).
positive	U.S.-China trade: tariff and non-tariff barriers U.S. President Donald Trump said this week he may soon sign a deal with Chinese President Xi Jinping to end a trade war blamed for slowing global economic growth and disrupting markets.
negative	Rattled by Vale disaster, mining CEOs move to change industry After last month's deadly tailings dam disaster at a Vale SA facility in Brazil, Freeport-McMoRan Inc Chief Executive Richard Adkerson sent a memo to his 29,000 employees telling them to immediately report any safety concerns about the scores of dams his company operates.
neutral	Lockheed expects F-35 flying costs will take time to come down: executive Lockheed Martin Corp expects it will take around 15 to 20 years to bring the cost per flight hour of the F-35 below fourth-generation fighter jets such as the F-16, the head of the F-35 program said on Wednesday.
neutral	Exclusive: HSBC probe helped lead to U.S. charges against Huawei CFO An internal investigation by HSBC Holdings PLC into Huawei Technologies' connections to a suspected front company in Iran found that the Chinese telecommunications equipment maker maintained close financial ties to the firm years after purportedly selling the unit, documents reviewed by Reuters show.
negative	Nevada regulators fine Wynn Resorts $20 million in settlement Nevada casino regulators said on Tuesday they had fined Wynn Resorts Ltd $20 million in a settlement with the company involving misconduct claims against former chief executive Steve Wynn.
neutral	U.S. Justice Department: no plans to appeal AT&T Time Warner ruling The U.S. Justice Department does not plan to challenge an appeals court ruling on Tuesday that found AT&T Inc's purchase of Time Warner was legal under antitrust law, the government said on Tuesday.
negative	Tesla's Musk calls SEC 'broken' in new Twitter spat Silicon Valley billionaire Elon Musk laid into the U.S. Securities and Exchange Commission again on Tuesday, after it accused the Tesla Inc chief executive officer of violating the terms of a settlement last year of fraud charges against him.
neutral	Hyundai rejects Elliott's payout call, shares rise ahead of showdown meeting Hyundai Motor Group on Tuesday rejected demands by U.S. activist investor Elliott Management for a combined 7 trillion won ($6.3 billion) dividend payout and new board members, complicating efforts to revamp South Korea's second-biggest conglomerate.
neutral	Boeing unveils unmanned combat jet developed in Australia Boeing Co on Wednesday unveiled an unmanned, fighter-like jet developed in Australia and designed to fly alongside crewed aircraft in combat for a fraction of the cost.
negative	Fed's Powell says 'no rush' to hike rates in 'solid' but slowing economy The Federal Reserve is in "no rush to make a judgment" about further changes to interest rates, Fed Chairman Jerome Powell told U.S. lawmakers on Tuesday as he spelled out the central bank's approach to an economy that is likely slowing.
positive	Papa John's gives upbeat full-year forecast after rocky 2018, shares rise Papa John's International Inc forecast better-than-feared North American same-store sales on Tuesday, as the U.S. pizza chain's investments on rebranding following its months-long spat with founder John Schnatter pay off.
negative	GE CEO says company needs to reduce debt 'thoughtfully and soon' General Electric Co has too much debt and needs to reduce it "thoughtfully and soon", Chief Executive Officer Lawrence Culp said in a letter to shareholders on Tuesday.
neutral	Brazil's CAOA in talks to buy Ford factory: source Brazilian automaker CAOA, which produces vehicles with Korea's Hyundai Motor Co and China's Chery Automobile Co, is in talks to buy a Ford Motor Co plant in the country that is slated to close by 2019, according to a source with direct knowledge of the matter.
neutral	U.S. opens anti-dumping probe into steel imports from China, Canada, Mexico The U.S. Commerce Department announced Tuesday it will open a new anti-dumping probe to determine whether fabricated structural steel from Canada, China and Mexico is being sold at below fair value.
neutral	U.S. Justice Department will not appeal AT&T, Time Warner merger after court loss AT&T Inc emerged victorious on Tuesday over the Trump administration's drawn-out attempts to block its $85.4 billion purchase of Time Warner as the U.S. Justice Department said it would not fight an appeals court ruling approving the deal.
neutral	Boeing nominates former U.N. ambassador Haley to join its board U.S. aerospace manufacturer Boeing Co said on Tuesday it has nominated Nikki Haley, former U.S. ambassador to the United Nations and a close ally of President Donald Trump, to join its board of directors at the company's annual shareholders meeting on April 29.
negative	Wall St. edges lower in choppy session Wall Street's three major indexes fell slightly after a choppy session on Tuesday as investors eyed mixed U.S. economic data and corporate news and waited for clarity on issues such as the U.S.-China trade talks.
neutral	JPMorgan absolved by U.S. judge in former top broker's suicide A federal judge in Manhattan on Tuesday dismissed a wrongful death lawsuit against JPMorgan Chase & Co by the estate of a former top broker, who it said committed suicide after being forced into retirement.
neutral	U.S. consumer regulator forms task force to monitor big tech The Federal Trade Commission, under pressure to keep closer tabs on big tech companies such as Alphabet's Google and Facebook, said on Tuesday it would create a task force to monitor the sector and investigate anticompetitive conduct.
neutral	EBay offers concessions to avert fight with Elliott: sources EBay Inc has informed Elliott Management Corp it is willing to explore shedding some of its key assets and give the hedge fund board representation in a bid to avert a proxy contest, people familiar with the matter said on Tuesday.
negative	Manager at Brazil's Vale told executives of dam risks: newspaper A manager at Brazilian iron ore miner Vale SA told authorities that the company's executive board knew there had been a "decrease in security" at the dam that burst in January, killing hundreds, according to a newspaper report on Tuesday.
positive	Why some U.S. fund managers like China regardless of trade deal U.S. President Donald Trump's decision to delay raising tariffs on $200 billion worth of Chinese goods has helped push global stock markets broadly higher as investors hope for a resolution in the trade war between the world's two largest economies.
positive	Instant View: Powell - Fed remains patient deciding on further hikes Rising risks and recent soft data shouldn't prevent solid growth for the U.S. economy this year, but the Federal Reserve will remain "patient" in deciding on further interest rate hikes, Fed Chairman Jerome Powell said on Tuesday.
neutral	JPMorgan keeps key profit goal, cautious on U.S. recession risks JPMorgan Chase & Co, the biggest U.S. bank by assets, said on Tuesday it expects to face rising costs for deposits, a key part of its business, and slowing global economic growth.
